Question / Topic,Asked Count,Company,Date Asked,Difficulty,Is Premium,Notes,Round Type,Source,Frequency Bucket,Platform,Topic
3526. Range XOR Queries with Subarray Reversals,,,,Hard,Yes,,,LeetCode Premium,,LeetCode,
3520. Minimum Threshold for Inversion Pairs Count,,,,Medium,Yes,,,LeetCode Premium,,LeetCode,
3555. Smallest Subarray to Sort in Every Sliding Window,,,,Medium,Yes,,,LeetCode Premium,,LeetCode,
3511. Make a Positive Array,,,,Medium,Yes,,,LeetCode Premium,,LeetCode,
3506. Find Time Required to Eliminate Bacterial Strains,,,,Hard,Yes,,,LeetCode Premium,,LeetCode,
3565. Sequential Grid Path Cover,,,,Medium,Yes,,,LeetCode Premium,,LeetCode,
3549. Multiply Two Polynomials,,,,Hard,Yes,,,LeetCode Premium,,LeetCode,
3496. Maximize Score After Pair Deletions,,,,Medium,Yes,,,LeetCode Premium,,LeetCode,
3540. Minimum Time to Visit All Houses,,,,Medium,Yes,,,LeetCode Premium,,LeetCode,
3535. Unit Conversion II,,,,Medium,Yes,,,LeetCode Premium,,LeetCode,
3460. Longest Common Prefix After at Most One Removal,,,,Medium,Yes,,,LeetCode Premium,,LeetCode,
3431. Minimum Unlocked Indices to Sort Nums,,,,Medium,Yes,,,LeetCode Premium,,LeetCode,
3437. Permutations III,,,,Medium,Yes,,,LeetCode Premium,,LeetCode,
3416. Subsequences with a Unique Middle Mode II,,,,Hard,Yes,,,LeetCode Premium,,LeetCode,
3466. Maximum Coin Collection,,,,Medium,Yes,,,LeetCode Premium,,LeetCode,
3481. Apply Substitutions,,,,Medium,Yes,,,LeetCode Premium,,LeetCode,
3491. Phone Number Prefix,,,,Easy,Yes,,,LeetCode Premium,,LeetCode,
3450. Maximum Students on a Single Bench,,,,Easy,Yes,,,LeetCode Premium,,LeetCode,
3476. Maximize Profit from Task Assignment,,,,Medium,Yes,,,LeetCode Premium,,LeetCode,
3422. Minimum Operations to Make Subarray Elements Equal,,,,Medium,Yes,,,LeetCode Premium,,LeetCode,
3391. Design a 3D Binary Matrix with Efficient Layer Tracking,,,,Medium,Yes,,,LeetCode Premium,,LeetCode,
3390. Longest Team Pass Streak,,,,Hard,Yes,,,LeetCode Premium,,LeetCode,
3400. Maximum Number of Matching Indices After Right Shifts,,,,Medium,Yes,,,LeetCode Premium,,LeetCode,
3406. Find the Lexicographically Largest String From the Box II,,,,Hard,Yes,,,LeetCode Premium,,LeetCode,
3415. Find Products with Three Consecutive Digits,,,,Easy,Yes,,,LeetCode Premium,,LeetCode,
3401. Find Circular Gift Exchange Chains,,,,Hard,Yes,,,LeetCode Premium,,LeetCode,
3385. Minimum Time to Break Locks II,,,,Hard,Yes,,,LeetCode Premium,,LeetCode,
3383. Minimum Runes to Add to Cast Spell,,,,Hard,Yes,,,LeetCode Premium,,LeetCode,
3384. Team Dominance by Pass Success,,,,Hard,Yes,,,LeetCode Premium,,LeetCode,
3369. Design an Array Statistics Tracker,,,,Hard,Yes,,,LeetCode Premium,,LeetCode,
3329. Count Substrings With K-Frequency Characters II,,,,Hard,Yes,,,LeetCode Premium,,LeetCode,
3358. Books with NULL Ratings,,,,Easy,Yes,,,LeetCode Premium,,LeetCode,
3368. First Letter Capitalization,,,,Hard,Yes,,,LeetCode Premium,,LeetCode,
3338. Second Highest Salary II,,,,Medium,Yes,,,LeetCode Premium,,LeetCode,
3353. Minimum Total Operations,,,,Easy,Yes,,,LeetCode Premium,,LeetCode,
3344. Maximum Sized Array,,,,Medium,Yes,,,LeetCode Premium,,LeetCode,
3339. Find the Number of K-Even Arrays,,,,Medium,Yes,,,LeetCode Premium,,LeetCode,
3359. Find Sorted Submatrices With Maximum Element at Most K,,,,Hard,Yes,,,LeetCode Premium,,LeetCode,
3328. Find Cities in Each State II,,,,Medium,Yes,,,LeetCode Premium,,LeetCode,
3323. Minimize Connected Groups by Inserting Interval,,,,Medium,Yes,,,LeetCode Premium,,LeetCode,
,,,,,No,,,,,,
3269. Constructing Two Increasing Arrays,,,,Hard,Yes,,,LeetCode Premium,,LeetCode,
3308. Find Top Performing Driver,,,,Medium,Yes,,,LeetCode Premium,,LeetCode,
3278. Find Candidates for Data Scientist Position II,,,,Medium,Yes,,,LeetCode Premium,,LeetCode,
3313. Find the Last Marked Nodes in Tree,,,,Hard,Yes,,,LeetCode Premium,,LeetCode,
3294. Convert Doubly Linked List to Array II,,,,Medium,Yes,,,LeetCode Premium,,LeetCode,
3322. Premier League Table Ranking III,,,,Medium,Yes,,,LeetCode Premium,,LeetCode,
3299. Sum of Consecutive Subsequences,,,,Hard,Yes,,,LeetCode Premium,,LeetCode,
3279. Maximum Total Area Occupied by Pistons,,,,Hard,Yes,,,LeetCode Premium,,LeetCode,
3284. Sum of Consecutive Subarrays,,,,Medium,Yes,,,LeetCode Premium,,LeetCode,
3293. Calculate Product Final Price,,,,Medium,Yes,,,LeetCode Premium,,LeetCode,
3252. Premier League Table Ranking II,,,,Medium,Yes,,,LeetCode Premium,,LeetCode,
3247. Number of Subsequences with Odd Sum,,,,Medium,Yes,,,LeetCode Premium,,LeetCode,
3237. Alt and Tab Simulation,,,,Medium,Yes,,,LeetCode Premium,,LeetCode,
3236. CEO Subordinate Hierarchy,,,,Hard,Yes,,,LeetCode Premium,,LeetCode,
3268. Find Overlapping Shifts II,,,,Hard,Yes,,,LeetCode Premium,,LeetCode,
3253. Construct String with Minimum Cost (Easy),,,,Medium,Yes,,,LeetCode Premium,,LeetCode,
1513. Number of Substrings With Only 1s,,,,Medium,Yes,,,LeetCode Premium,,LeetCode,
3263. Convert Doubly Linked List to Array I,,,,Easy,Yes,,,LeetCode Premium,,LeetCode,
3262. Find Overlapping Shifts,,,,Medium,Yes,,,LeetCode Premium,,LeetCode,
3246. Premier League Table Ranking,,,,Easy,Yes,,,LeetCode Premium,,LeetCode,
2445. Number of Nodes With Value One,,,,Medium,Yes,,,LeetCode Premium,,LeetCode,
2403. Minimum Time to Kill All Monsters,,,,Hard,Yes,,,LeetCode Premium,,LeetCode,
2431. Maximize Total Tastiness of Purchased Fruits,,,,Medium,Yes,,,LeetCode Premium,,LeetCode,
2464. Minimum Subarrays in a Valid Split,,,,Medium,Yes,,,LeetCode Premium,,LeetCode,
2450. Number of Distinct Binary Strings After Applying Operations,,,,Medium,Yes,,,LeetCode Premium,,LeetCode,
2417. Closest Fair Integer,,,,Medium,Yes,,,LeetCode Premium,,LeetCode,
2436. Minimum Split Into Subarrays With GCD Greater Than One,,,,Medium,Yes,,,LeetCode Premium,,LeetCode,
2459. Sort Array by Moving Items to Empty Space,,,,Hard,Yes,,,LeetCode Premium,,LeetCode,
2422. Merge Operations to Turn Array Into a Palindrome,,,,Medium,Yes,,,LeetCode Premium,,LeetCode,
2408. Design SQL,,,,Medium,Yes,,,LeetCode Premium,,LeetCode,
2372. Calculate the Influence of Each Salesperson,,,,Medium,Yes,,,LeetCode Premium,,LeetCode,
2371. Minimize Maximum Value in a Grid,,,,Hard,Yes,,,LeetCode Premium,,LeetCode,
2362. Generate the Invoice,,,,Hard,Yes,,,LeetCode Premium,,LeetCode,
2393. Count Strictly Increasing Subarrays,,,,Medium,Yes,,,LeetCode Premium,,LeetCode,
2378. Choose Edges to Maximize Score in a Tree,,,,Medium,Yes,,,LeetCode Premium,,LeetCode,
2377. Sort the Olympic Table,,,,Easy,Yes,,,LeetCode Premium,,LeetCode,
2361. Minimum Costs Using the Train Line,,,,Hard,Yes,,,LeetCode Premium,,LeetCode,
2387. Median of a Row Wise Sorted Matrix,,,,Medium,Yes,,,LeetCode Premium,,LeetCode,
2355. Maximum Number of Books You Can Take,,,,Hard,Yes,,,LeetCode Premium,,LeetCode,
2388. Change Null Values in a Table to the Previous Value,,,,Medium,Yes,,,LeetCode Premium,,LeetCode,
2323. Find Minimum Time to Finish All Jobs II,,,,Medium,Yes,,,LeetCode Premium,,LeetCode,
2330. Valid Palindrome IV,,,,Medium,Yes,,,LeetCode Premium,,LeetCode,
2313. Minimum Flips in Binary Tree to Get Result,,,,Hard,Yes,,,LeetCode Premium,,LeetCode,
2345. Finding the Number of Visible Mountains,,,,Medium,Yes,,,LeetCode Premium,,LeetCode,
2324. Product Sales Analysis IV,,,,Medium,Yes,,,LeetCode Premium,,LeetCode,
2329. Product Sales Analysis V,,,,Easy,Yes,,,LeetCode Premium,,LeetCode,
2346. Compute the Rank as a Percentage,,,,Medium,Yes,,,LeetCode Premium,,LeetCode,
2314. The First Day of the Maximum Recorded Degree in Each City,,,,Medium,Yes,,,LeetCode Premium,,LeetCode,
2340. Minimum Adjacent Swaps to Make a Valid Array,,,,Medium,Yes,,,LeetCode Premium,,LeetCode,
2339. All the Matches of the League,,,,Easy,Yes,,,LeetCode Premium,,LeetCode,
2263. Make Array Non-decreasing or Non-increasing,,,,Hard,Yes,,,LeetCode Premium,,LeetCode,
2298. Tasks Count in the Weekend,,,,Medium,Yes,,,LeetCode Premium,,LeetCode,
2308. Arrange Table by Gender,,,,Medium,Yes,,,LeetCode Premium,,LeetCode,
2282. Number of People That Can Be Seen in a Grid,,,,Medium,Yes,,,LeetCode Premium,,LeetCode,
2291. Maximum Profit From Trading Stocks,,,,Medium,Yes,,,LeetCode Premium,,LeetCode,
2277. Closest Node to Path in Tree,,,,Hard,Yes,,,LeetCode Premium,,LeetCode,
2297. Jump Game VIII,,,,Medium,Yes,,,LeetCode Premium,,LeetCode,
2292. Products With Three or More Orders in Two Consecutive Years,,,,Medium,Yes,,,LeetCode Premium,,LeetCode,
2268. Minimum Number of Keypresses,,,,Medium,Yes,,,LeetCode Premium,,LeetCode,
2307. Check for Contradictions in Equations,,,,Hard,Yes,,,LeetCode Premium,,LeetCode,
2238. Number of Times a Driver Was a Passenger,,,,Medium,Yes,,,LeetCode Premium,,LeetCode,
2247. Maximum Cost of Trip With K Highways,,,,Hard,Yes,,,LeetCode Premium,,LeetCode,
2219. Maximum Sum Score of Array,,,,Medium,Yes,,,LeetCode Premium,,LeetCode,
2228. Users With Two Purchases Within Seven Days,,,,Medium,Yes,,,LeetCode Premium,,LeetCode,
2230. The Users That Are Eligible for Discount,,,,Easy,Yes,,,LeetCode Premium,,LeetCode,
2237. Count Positions on Street With Required Brightness,,,,Medium,Yes,,,LeetCode Premium,,LeetCode,
2253. Dynamic Unpivoting of a Table,,,,Hard,Yes,,,LeetCode Premium,,LeetCode,
2252. Dynamic Pivoting of a Table,,,,Hard,Yes,,,LeetCode Premium,,LeetCode,
2214. Minimum Health to Beat Game,,,,Medium,Yes,,,LeetCode Premium,,LeetCode,
2229. Check if an Array Is Consecutive,,,,Easy,Yes,,,LeetCode Premium,,LeetCode,
2189. Number of Ways to Build House of Cards,,,,Medium,Yes,,,LeetCode Premium,,LeetCode,
2175. The Change in Global Rankings,,,,Medium,Yes,,,LeetCode Premium,,LeetCode,
2168. Unique Substrings With Equal Digit Frequency,,,,Medium,Yes,,,LeetCode Premium,,LeetCode,
2198. Number of Single Divisor Triplets,,,,Medium,Yes,,,LeetCode Premium,,LeetCode,
2205. The Number of Users That Are Eligible for Discount,,,,Easy,Yes,,,LeetCode Premium,,LeetCode,
2184. Number of Ways to Build Sturdy Brick Wall,,,,Medium,Yes,,,LeetCode Premium,,LeetCode,
2199. Finding the Topic of Each Post,,,,Hard,Yes,,,LeetCode Premium,,LeetCode,
2173. Longest Winning Streak,,,,Hard,Yes,,,LeetCode Premium,,LeetCode,
2204. Distance to a Cycle in Undirected Graph,,,,Hard,Yes,,,LeetCode Premium,,LeetCode,
2174. Remove All Ones With Row and Column Flips II,,,,Medium,Yes,,,LeetCode Premium,,LeetCode,
2153. The Number of Passengers in Each Bus II,,,,Hard,Yes,,,LeetCode Premium,,LeetCode,
2118. Build the Equation,,,,Hard,Yes,,,LeetCode Premium,,LeetCode,
2158. Amount of New Area Painted Each Day,,,,Hard,Yes,,,LeetCode Premium,,LeetCode,
2152. Minimum Number of Lines to Cover Points,,,,Medium,Yes,,,LeetCode Premium,,LeetCode,
2137. Pour Water Between Buckets to Make Water Levels Equal,,,,Medium,Yes,,,LeetCode Premium,,LeetCode,
2159. Order Two Columns Independently,,,,Medium,Yes,,,LeetCode Premium,,LeetCode,
2128. Remove All Ones With Row and Column Flips,,,,Medium,Yes,,,LeetCode Premium,,LeetCode,
2142. The Number of Passengers in Each Bus I,,,,Medium,Yes,,,LeetCode Premium,,LeetCode,
2123. Minimum Operations to Remove Adjacent Ones in Matrix,,,,Hard,Yes,,,LeetCode Premium,,LeetCode,
2143. Choose Numbers From Two Arrays in Range,,,,Hard,Yes,,,LeetCode Premium,,LeetCode,
2107. Number of Unique Flavors After Sharing K Candies,,,,Medium,Yes,,,LeetCode Premium,,LeetCode,
2098. Subsequence of Size K With the Largest Even Sum,,,,Medium,Yes,,,LeetCode Premium,,LeetCode,
2113. Elements in Array After Removing and Replacing Elements,,,,Medium,Yes,,,LeetCode Premium,,LeetCode,
2083. Substrings That Begin and End With the Same Letter,,,,Medium,Yes,,,LeetCode Premium,,LeetCode,
2093. Minimum Cost to Reach City With Discounts,,,,Medium,Yes,,,LeetCode Premium,,LeetCode,
2084. Drop Type 1 Orders for Customers With Type 0 Orders,,,,Medium,Yes,,,LeetCode Premium,,LeetCode,
2077. Paths in Maze That Lead to Same Room,,,,Medium,Yes,,,LeetCode Premium,,LeetCode,
2112. The Airport With the Most Traffic,,,,Medium,Yes,,,LeetCode Premium,,LeetCode,
2072. The Winner University,,,,Easy,Yes,,,LeetCode Premium,,LeetCode,
2082. The Number of Rich Customers,,,,Easy,Yes,,,LeetCode Premium,,LeetCode,
2031. Count Subarrays With More Ones Than Zeros,,,,Medium,Yes,,,LeetCode Premium,,LeetCode,
2052. Minimum Cost to Separate Sentence Into Rows,,,,Medium,Yes,,,LeetCode Premium,,LeetCode,
2061. Number of Spaces Cleaning Robot Cleaned,,,,Medium,Yes,,,LeetCode Premium,,LeetCode,
2036. Maximum Alternating Subarray Sum,,,,Medium,Yes,,,LeetCode Premium,,LeetCode,
2021. Brightest Position on Street,,,,Medium,Yes,,,LeetCode Premium,,LeetCode,
2041. Accepted Candidates From the Interviews,,,,Medium,Yes,,,LeetCode Premium,,LeetCode,
2026. Low-Quality Problems,,,,Easy,Yes,,,LeetCode Premium,,LeetCode,
2066. Account Balance,,,,Medium,Yes,,,LeetCode Premium,,LeetCode,
2046. Sort Linked List Already Sorted Using Absolute Values,,,,Medium,Yes,,,LeetCode Premium,,LeetCode,
2051. The Category of Each Member in the Store,,,,Medium,Yes,,,LeetCode Premium,,LeetCode,
2020. Number of Accounts That Did Not Stream,,,,Medium,Yes,,,LeetCode Premium,,LeetCode,
1983. Widest Pair of Indices With Equal Range Sum,,,,Medium,Yes,,,LeetCode Premium,,LeetCode,
2004. The Number of Seniors and Juniors to Join the Company,,,,Hard,Yes,,,LeetCode Premium,,LeetCode,
2005. Subtree Removal Game with Fibonacci Tree,,,,Hard,Yes,,,LeetCode Premium,,LeetCode,
1990. Count the Number of Experiments,,,,Medium,Yes,,,LeetCode Premium,,LeetCode,
2015. Average Height of Buildings in Each Segment,,,,Medium,Yes,,,LeetCode Premium,,LeetCode,
1989. Maximum Number of People That Can Be Caught in Tag,,,,Medium,Yes,,,LeetCode Premium,,LeetCode,
1999. Smallest Greater Multiple Made of Two Digits,,,,Medium,Yes,,,LeetCode Premium,,LeetCode,
2010. The Number of Seniors and Juniors to Join the Company II,,,,Hard,Yes,,,LeetCode Premium,,LeetCode,
1988. Find Cutoff Score for Each School,,,,Medium,Yes,,,LeetCode Premium,,LeetCode,
1939. Users That Actively Request Confirmation Messages,,,,Easy,Yes,,,LeetCode Premium,,LeetCode,
1949. Strong Friendship,,,,Medium,Yes,,,LeetCode Premium,,LeetCode,
1956. Minimum Time For K Virus Variants to Spread,,,,Hard,Yes,,,LeetCode Premium,,LeetCode,
1951. All the Pairs With the Maximum Number of Common Followers,,,,Medium,Yes,,,LeetCode Premium,,LeetCode,
1972. First and Last Call On the Same Day,,,,Hard,Yes,,,LeetCode Premium,,LeetCode,
1973. Count Nodes Equal to Sum of Descendants,,,,Medium,Yes,,,LeetCode Premium,,LeetCode,
1940. Longest Common Subsequence Between Sorted Arrays,,,,Medium,Yes,,,LeetCode Premium,,LeetCode,
1950. Maximum of Minimum Values in All Subarrays,,,,Medium,Yes,,,LeetCode Premium,,LeetCode,
1933. Check if String Is Decomposable Into Value-Equal Substrings,,,,Easy,Yes,,,LeetCode Premium,,LeetCode,
1966. Binary Searchable Numbers in an Unsorted Array,,,,Medium,Yes,,,LeetCode Premium,,LeetCode,
1902. Depth of BST Given Insertion Order,,,,Medium,Yes,,,LeetCode Premium,,LeetCode,
1875. Group Employees of the Same Salary,,,,Medium,Yes,,,LeetCode Premium,,LeetCode,
1891. Cutting Ribbons,,,,Medium,Yes,,,LeetCode Premium,,LeetCode,
1924. Erect the Fence II,,,,Hard,Yes,,,LeetCode Premium,,LeetCode,
1892. Page Recommendations II,,,,Hard,Yes,,,LeetCode Premium,,LeetCode,
1918. Kth Smallest Subarray Sum,,,,Medium,Yes,,,LeetCode Premium,,LeetCode,
1885. Count Pairs in Two Arrays,,,,Medium,Yes,,,LeetCode Premium,,LeetCode,
1917. Leetcodify Friends Recommendations,,,,Hard,Yes,,,LeetCode Premium,,LeetCode,
1919. Leetcodify Similar Friends,,,,Hard,Yes,,,LeetCode Premium,,LeetCode,
1908. Game of Nim,,,,Medium,Yes,,,LeetCode Premium,,LeetCode,
1842. Next Palindrome Using Same Digits,,,,Hard,Yes,,,LeetCode Premium,,LeetCode,
1853. Convert Date Format,,,,Easy,Yes,,,LeetCode Premium,,LeetCode,
1841. League Statistics,,,,Medium,Yes,,,LeetCode Premium,,LeetCode,
1836. Remove Duplicates From an Unsorted Linked List,,,,Medium,Yes,,,LeetCode Premium,,LeetCode,
1867. Orders With Maximum Quantity Above Average,,,,Medium,Yes,,,LeetCode Premium,,LeetCode,
1843. Suspicious Bank Accounts,,,,Medium,Yes,,,LeetCode Premium,,LeetCode,
1858. Longest Word With All Prefixes,,,,Medium,Yes,,,LeetCode Premium,,LeetCode,
1852. Distinct Numbers in Each Subarray,,,,Medium,Yes,,,LeetCode Premium,,LeetCode,
1874. Minimize Product Sum of Two Arrays,,,,Medium,Yes,,,LeetCode Premium,,LeetCode,
1868. Product of Two Run-Length Encoded Arrays,,,,Medium,Yes,,,LeetCode Premium,,LeetCode,
1809. Ad-Free Sessions,,,,Easy,Yes,,,LeetCode Premium,,LeetCode,
1820. Maximum Number of Accepted Invitations,,,,Medium,Yes,,,LeetCode Premium,,LeetCode,
1788. Maximize the Beauty of the Garden,,,,Hard,Yes,,,LeetCode Premium,,LeetCode,
1804. Implement Trie II (Prefix Tree),,,,Medium,Yes,,,LeetCode Premium,,LeetCode,
1831. Maximum Transaction Each Day,,,,Medium,Yes,,,LeetCode Premium,,LeetCode,
1811. Find Interview Candidates,,,,Medium,Yes,,,LeetCode Premium,,LeetCode,
1821. Find Customers With Positive Revenue this Year,,,,Easy,Yes,,,LeetCode Premium,,LeetCode,
1794. Count Pairs of Equal Substrings With Minimum Difference,,,,Medium,Yes,,,LeetCode Premium,,LeetCode,
1810. Minimum Path Cost in a Hidden Grid,,,,Medium,Yes,,,LeetCode Premium,,LeetCode,
1826. Faulty Sensor,,,,Easy,Yes,,,LeetCode Premium,,LeetCode,
1730. Shortest Path to Get Food,,,,Medium,Yes,,,LeetCode Premium,,LeetCode,
1767. Find the Subtasks That Did Not Execute,,,,Hard,Yes,,,LeetCode Premium,,LeetCode,
1747. Leetflex Banned Accounts,,,,Medium,Yes,,,LeetCode Premium,,LeetCode,
1756. Design Most Recently Used Queue,,,,Medium,Yes,,,LeetCode Premium,,LeetCode,
1724. Checking Existence of Edge Length Limited Paths II,,,,Hard,Yes,,,LeetCode Premium,,LeetCode,
1740. Find Distance in a Binary Tree,,,,Medium,Yes,,,LeetCode Premium,,LeetCode,
1746. Maximum Subarray Sum After One Operation,,,,Medium,Yes,,,LeetCode Premium,,LeetCode,
1772. Sort Features by Popularity,,,,Medium,Yes,,,LeetCode Premium,,LeetCode,
1777. Product's Price for Each Store,,,,Easy,Yes,,,LeetCode Premium,,LeetCode,
1762. Buildings With an Ocean View,,,,Medium,Yes,,,LeetCode Premium,,LeetCode,
1676. Lowest Common Ancestor of a Binary Tree IV,,,,Medium,Yes,,,LeetCode Premium,,LeetCode,
1699. Number of Calls Between Two Persons,,,,Medium,Yes,,,LeetCode Premium,,LeetCode,
1715. Count Apples and Oranges,,,,Medium,Yes,,,LeetCode Premium,,LeetCode,
1698. Number of Distinct Substrings in a String,,,,Medium,Yes,,,LeetCode Premium,,LeetCode,
1709. Biggest Window Between Visits,,,,Medium,Yes,,,LeetCode Premium,,LeetCode,
1708. Largest Subarray Length K,,,,Easy,Yes,,,LeetCode Premium,,LeetCode,
1677. Product's Worth Over Invoices,,,,Easy,Yes,,,LeetCode Premium,,LeetCode,
1692. Count Ways to Distribute Candies,,,,Hard,Yes,,,LeetCode Premium,,LeetCode,
1714. Sum Of Special Evenly-Spaced Elements In Array,,,,Hard,Yes,,,LeetCode Premium,,LeetCode,
1682. Longest Palindromic Subsequence II,,,,Medium,Yes,,,LeetCode Premium,,LeetCode,
1634. Add Two Polynomials Represented as Linked Lists,,,,Medium,Yes,,,LeetCode Premium,,LeetCode,
1651. Hopper Company Queries III,,,,Hard,Yes,,,LeetCode Premium,,LeetCode,
1623. All Valid Triplets That Can Represent a Country,,,,Easy,Yes,,,LeetCode Premium,,LeetCode,
1644. Lowest Common Ancestor of a Binary Tree II,,,,Medium,Yes,,,LeetCode Premium,,LeetCode,
1645. Hopper Company Queries II,,,,Hard,Yes,,,LeetCode Premium,,LeetCode,
1635. Hopper Company Queries I,,,,Hard,Yes,,,LeetCode Premium,,LeetCode,
1660. Correct a Binary Tree,,,,Medium,Yes,,,LeetCode Premium,,LeetCode,
1628. Design an Expression Tree With Evaluate Function,,,,Medium,Yes,,,LeetCode Premium,,LeetCode,
1650. Lowest Common Ancestor of a Binary Tree III,,,,Medium,Yes,,,LeetCode Premium,,LeetCode,
1666. Change the Root of a Binary Tree,,,,Medium,Yes,,,LeetCode Premium,,LeetCode,
1597. Build Binary Expression Tree From Infix Expression,,,,Hard,Yes,,,LeetCode Premium,,LeetCode,
1571. Warehouse Manager,,,,Easy,Yes,,,LeetCode Premium,,LeetCode,
1613. Find the Missing IDs,,,,Medium,Yes,,,LeetCode Premium,,LeetCode,
1602. Find Nearest Right Node in Binary Tree,,,,Medium,Yes,,,LeetCode Premium,,LeetCode,
1596. The Most Frequently Ordered Products for Each Customer,,,,Medium,Yes,,,LeetCode Premium,,LeetCode,
1586. Binary Search Tree Iterator II,,,,Medium,Yes,,,LeetCode Premium,,LeetCode,
1607. Sellers With No Sales,,,,Easy,Yes,,,LeetCode Premium,,LeetCode,
1612. Check If Two Expression Trees are Equivalent,,,,Medium,Yes,,,LeetCode Premium,,LeetCode,
1618. Maximum Font to Fit a Sentence in a Screen,,,,Medium,Yes,,,LeetCode Premium,,LeetCode,
1580. Put Boxes Into the Warehouse II,,,,Medium,Yes,,,LeetCode Premium,,LeetCode,
1565. Unique Orders and Customers Per Month,,,,Easy,Yes,,,LeetCode Premium,,LeetCode,
1543. Fix Product Name Format,,,,Easy,Yes,,,LeetCode Premium,,LeetCode,
1533. Find the Index of the Large Integer,,,,Medium,Yes,,,LeetCode Premium,,LeetCode,
1549. The Most Recent Orders for Each Product,,,,Medium,Yes,,,LeetCode Premium,,LeetCode,
1538. Guess the Majority in a Hidden Array,,,,Medium,Yes,,,LeetCode Premium,,LeetCode,
1570. Dot Product of Two Sparse Vectors,,,,Medium,Yes,,,LeetCode Premium,,LeetCode,
1564. Put Boxes Into the Warehouse I,,,,Medium,Yes,,,LeetCode Premium,,LeetCode,
1554. Strings Differ by One Character,,,,Medium,Yes,,,LeetCode Premium,,LeetCode,
1555. Bank Account Summary,,,,Medium,Yes,,,LeetCode Premium,,LeetCode,
1548. The Most Similar Path in a Graph,,,,Hard,Yes,,,LeetCode Premium,,LeetCode,
1495. Friendly Movies Streamed Last Month,,,,Easy,Yes,,,LeetCode Premium,,LeetCode,
1501. Countries You Can Safely Invest In,,,,Medium,Yes,,,LeetCode Premium,,LeetCode,
1435. Create a Session Bar Chart,,,,Easy,Yes,,,LeetCode Premium,,LeetCode,
1506. Find Root of N-Ary Tree,,,,Medium,Yes,,,LeetCode Premium,,LeetCode,
1500. Design a File Sharing System,,,,Medium,Yes,,,LeetCode Premium,,LeetCode,
1516. Move Sub-Tree of N-Ary Tree,,,,Hard,Yes,,,LeetCode Premium,,LeetCode,
1454. Active Users,,,,Medium,Yes,,,LeetCode Premium,,LeetCode,
1522. Diameter of N-Ary Tree,,,,Medium,Yes,,,LeetCode Premium,,LeetCode,
1469. Find All The Lonely Nodes,,,,Easy,Yes,,,LeetCode Premium,,LeetCode,
1479. Sales by Day of the Week,,,,Hard,Yes,,,LeetCode Premium,,LeetCode,
1440. Evaluate Boolean Expression,,,,Medium,Yes,,,LeetCode Premium,,LeetCode,
1474. Delete N Nodes After M Nodes of a Linked List,,,,Easy,Yes,,,LeetCode Premium,,LeetCode,
1532. The Most Recent Three Orders,,,,Medium,Yes,,,LeetCode Premium,,LeetCode,
1459. Rectangles Area,,,,Medium,Yes,,,LeetCode Premium,,LeetCode,
1445. Apples & Oranges,,,,Medium,Yes,,,LeetCode Premium,,LeetCode,
1511. Customer Order Frequency,,,,Easy,Yes,,,LeetCode Premium,,LeetCode,
1490. Clone N-ary Tree,,,,Medium,Yes,,,LeetCode Premium,,LeetCode,
1468. Calculate Salaries,,,,Medium,Yes,,,LeetCode Premium,,LeetCode,
1485. Clone Binary Tree With Random Pointer,,,,Medium,Yes,,,LeetCode Premium,,LeetCode,
1430. Check If a String Is a Valid Sequence from Root to Leaves Path in a Binary Tree,,,,Medium,Yes,,,LeetCode Premium,,LeetCode,
1398. Customers Who Bought Products A and B but Not C,,,,Medium,Yes,,,LeetCode Premium,,LeetCode,
1426. Counting Elements,,,,Easy,Yes,,,LeetCode Premium,,LeetCode,
1428. Leftmost Column with at Least a One,,,,Medium,Yes,,,LeetCode Premium,,LeetCode,
1429. First Unique Number,,,,Medium,Yes,,,LeetCode Premium,,LeetCode,
1421. NPV Queries,,,,Easy,Yes,,,LeetCode Premium,,LeetCode,
1364. Number of Trusted Contacts of a Customer,,,,Medium,Yes,,,LeetCode Premium,,LeetCode,
1412. Find the Quiet Students in All Exams,,,,Hard,Yes,,,LeetCode Premium,,LeetCode,
1384. Total Sales Amount by Year,,,,Hard,Yes,,,LeetCode Premium,,LeetCode,
1369. Get the Second Most Recent Activity,,,,Hard,Yes,,,LeetCode Premium,,LeetCode,
1427. Perform String Shifts,,,,Easy,Yes,,,LeetCode Premium,,LeetCode,
1285. Find the Start and End Number of Continuous Ranges,,,,Medium,Yes,,,LeetCode Premium,,LeetCode,
1322. Ads Performance,,,,Easy,Yes,,,LeetCode Premium,,LeetCode,
1303. Find the Team Size,,,,Easy,Yes,,,LeetCode Premium,,LeetCode,
1294. Weather Type in Each Country,,,,Easy,Yes,,,LeetCode Premium,,LeetCode,
1350. Students With Invalid Departments,,,,Easy,Yes,,,LeetCode Premium,,LeetCode,
1336. Number of Transactions per Visit,,,,Hard,Yes,,,LeetCode Premium,,LeetCode,
1279. Traffic Light Controlled Intersection,,,,Easy,Yes,,,LeetCode Premium,,LeetCode,
1274. Number of Ships in a Rectangle,,,,Hard,Yes,,,LeetCode Premium,,LeetCode,
1355. Activity Participants,,,,Medium,Yes,,,LeetCode Premium,,LeetCode,
1308. Running Total for Different Genders,,,,Medium,Yes,,,LeetCode Premium,,LeetCode,
1271. Hexspeak,,,,Easy,Yes,,,LeetCode Premium,,LeetCode,
1259. Handshakes That Don't Cross,,,,Hard,Yes,,,LeetCode Premium,,LeetCode,
1256. Encode Number,,,,Medium,Yes,,,LeetCode Premium,,LeetCode,
1258. Synonymous Sentences,,,,Medium,Yes,,,LeetCode Premium,,LeetCode,
1265. Print Immutable Linked List in Reverse,,,,Medium,Yes,,,LeetCode Premium,,LeetCode,
1257. Smallest Common Region,,,,Medium,Yes,,,LeetCode Premium,,LeetCode,
1264. Page Recommendations,,,,Medium,Yes,,,LeetCode Premium,,LeetCode,
1270. All People Report to the Given Manager,,,,Medium,Yes,,,LeetCode Premium,,LeetCode,
1272. Remove Interval,,,,Medium,Yes,,,LeetCode Premium,,LeetCode,
1273. Delete Tree Nodes,,,,Medium,Yes,,,LeetCode Premium,,LeetCode,
1242. Web Crawler Multithreaded,,,,Medium,Yes,,,LeetCode Premium,,LeetCode,
1243. Array Transformation,,,,Easy,Yes,,,LeetCode Premium,,LeetCode,
1236. Web Crawler,,,,Medium,Yes,,,LeetCode Premium,,LeetCode,
1231. Divide Chocolate,,,,Hard,Yes,,,LeetCode Premium,,LeetCode,
1228. Missing Number In Arithmetic Progression,,,,Easy,Yes,,,LeetCode Premium,,LeetCode,
1216. Valid Palindrome III,,,,Hard,Yes,,,LeetCode Premium,,LeetCode,
1230. Toss Strange Coins,,,,Medium,Yes,,,LeetCode Premium,,LeetCode,
1225. Report Contiguous Dates,,,,Hard,Yes,,,LeetCode Premium,,LeetCode,
1241. Number of Comments per Post,,,,Easy,Yes,,,LeetCode Premium,,LeetCode,
1244. Design A Leaderboard,,,,Medium,Yes,,,LeetCode Premium,,LeetCode,
1215. Stepping Numbers,,,,Medium,Yes,,,LeetCode Premium,,LeetCode,
1197. Minimum Knight Moves,,,,Medium,Yes,,,LeetCode Premium,,LeetCode,
1198. Find Smallest Common Element in All Rows,,,,Medium,Yes,,,LeetCode Premium,,LeetCode,
1194. Tournament Winners,,,,Hard,Yes,,,LeetCode Premium,,LeetCode,
1205. Monthly Transactions II,,,,Medium,Yes,,,LeetCode Premium,,LeetCode,
1212. Team Scores in Football Tournament,,,,Medium,Yes,,,LeetCode Premium,,LeetCode,
1214. Two Sum BSTs,,,,Medium,Yes,,,LeetCode Premium,,LeetCode,
1199. Minimum Time to Build Blocks,,,,Hard,Yes,,,LeetCode Premium,,LeetCode,
1196. How Many Apples Can You Put into the Basket,,,,Easy,Yes,,,LeetCode Premium,,LeetCode,
1213. Intersection of Three Sorted Arrays,,,,Easy,Yes,,,LeetCode Premium,,LeetCode,
1182. Shortest Distance to Target Color,,,,Medium,Yes,,,LeetCode Premium,,LeetCode,
1181. Before and After Puzzle,,,,Medium,Yes,,,LeetCode Premium,,LeetCode,
1167. Minimum Cost to Connect Sticks,,,,Medium,Yes,,,LeetCode Premium,,LeetCode,
1166. Design File System,,,,Medium,Yes,,,LeetCode Premium,,LeetCode,
1180. Count Substrings with Only One Distinct Letter,,,,Easy,Yes,,,LeetCode Premium,,LeetCode,
1168. Optimize Water Distribution in a Village,,,,Hard,Yes,,,LeetCode Premium,,LeetCode,
1176. Diet Plan Performance,,,,Easy,Yes,,,LeetCode Premium,,LeetCode,
1188. Design Bounded Blocking Queue,,,,Medium,Yes,,,LeetCode Premium,,LeetCode,
1173. Immediate Food Delivery I,,,,Easy,Yes,,,LeetCode Premium,,LeetCode,
1183. Maximum Number of Ones,,,,Hard,Yes,,,LeetCode Premium,,LeetCode,
1152. Analyze User Website Visit Pattern,,,,Medium,Yes,,,LeetCode Premium,,LeetCode,
1151. Minimum Swaps to Group All 1's Together,,,,Medium,Yes,,,LeetCode Premium,,LeetCode,
1135. Connecting Cities With Minimum Cost,,,,Medium,Yes,,,LeetCode Premium,,LeetCode,
1150. Check If a Number Is Majority Element in a Sorted Array,,,,Easy,Yes,,,LeetCode Premium,,LeetCode,
1165. Single-Row Keyboard,,,,Easy,Yes,,,LeetCode Premium,,LeetCode,
1153. String Transforms Into Another String,,,,Hard,Yes,,,LeetCode Premium,,LeetCode,
1142. User Activity for the Past 30 Days II,,,,Easy,Yes,,,LeetCode Premium,,LeetCode,
1149. Article Views II,,,,Medium,Yes,,,LeetCode Premium,,LeetCode,
1159. Market Analysis II,,,,Hard,Yes,,,LeetCode Premium,,LeetCode,
1136. Parallel Courses,,,,Medium,Yes,,,LeetCode Premium,,LeetCode,
1118. Number of Days in a Month,,,,Easy,Yes,,,LeetCode Premium,,LeetCode,
1113. Reported Posts,,,,Easy,Yes,,,LeetCode Premium,,LeetCode,
1134. Armstrong Number,,,,Easy,Yes,,,LeetCode Premium,,LeetCode,
1126. Active Businesses,,,,Medium,Yes,,,LeetCode Premium,,LeetCode,
1119. Remove Vowels from a String,,,,Easy,Yes,,,LeetCode Premium,,LeetCode,
1121. Divide Array Into Increasing Sequences,,,,Hard,Yes,,,LeetCode Premium,,LeetCode,
1132. Reported Posts II,,,,Medium,Yes,,,LeetCode Premium,,LeetCode,
1127. User Purchase Platform,,,,Hard,Yes,,,LeetCode Premium,,LeetCode,
1133. Largest Unique Number,,,,Easy,Yes,,,LeetCode Premium,,LeetCode,
1120. Maximum Average Subtree,,,,Medium,Yes,,,LeetCode Premium,,LeetCode,
1112. Highest Grade For Each Student,,,,Medium,Yes,,,LeetCode Premium,,LeetCode,
1088. Confusing Number II,,,,Hard,Yes,,,LeetCode Premium,,LeetCode,
1107. New Users Daily Count,,,,Medium,Yes,,,LeetCode Premium,,LeetCode,
1101. The Earliest Moment When Everyone Become Friends,,,,Medium,Yes,,,LeetCode Premium,,LeetCode,
1100. Find K-Length Substrings With No Repeated Characters,,,,Medium,Yes,,,LeetCode Premium,,LeetCode,
1097. Game Play Analysis V,,,,Hard,Yes,,,LeetCode Premium,,LeetCode,
1099. Two Sum Less Than K,,,,Easy,Yes,,,LeetCode Premium,,LeetCode,
1098. Unpopular Books,,,,Medium,Yes,,,LeetCode Premium,,LeetCode,
1102. Path With Maximum Minimum Value,,,,Medium,Yes,,,LeetCode Premium,,LeetCode,
1087. Brace Expansion,,,,Medium,Yes,,,LeetCode Premium,,LeetCode,
1063. Number of Valid Subarrays,,,,Hard,Yes,,,LeetCode Premium,,LeetCode,
1083. Sales Analysis II,,,,Easy,Yes,,,LeetCode Premium,,LeetCode,
1067. Digit Count in Range,,,,Hard,Yes,,,LeetCode Premium,,LeetCode,
1086. High Five,,,,Easy,Yes,,,LeetCode Premium,,LeetCode,
1064. Fixed Point,,,,Easy,Yes,,,LeetCode Premium,,LeetCode,
1066. Campus Bikes II,,,,Medium,Yes,,,LeetCode Premium,,LeetCode,
1069. Product Sales Analysis II,,,,Easy,Yes,,,LeetCode Premium,,LeetCode,
1065. Index Pairs of a String,,,,Easy,Yes,,,LeetCode Premium,,LeetCode,
1082. Sales Analysis I,,,,Easy,Yes,,,LeetCode Premium,,LeetCode,
1085. Sum of Digits in the Minimum Number,,,,Easy,Yes,,,LeetCode Premium,,LeetCode,
776. Split BST,,,,Medium,Yes,,,LeetCode Premium,,LeetCode,
1057. Campus Bikes,,,,Medium,Yes,,,LeetCode Premium,,LeetCode,
1058. Minimize Rounding Error to Meet Target,,,,Medium,Yes,,,LeetCode Premium,,LeetCode,
1059. All Paths from Source Lead to Destination,,,,Medium,Yes,,,LeetCode Premium,,LeetCode,
1055. Shortest Way to Form String,,,,Medium,Yes,,,LeetCode Premium,,LeetCode,
1056. Confusing Number,,,,Easy,Yes,,,LeetCode Premium,,LeetCode,
774. Minimize Max Distance to Gas Station,,,,Hard,Yes,,,LeetCode Premium,,LeetCode,
1062. Longest Repeating Substring,,,,Medium,Yes,,,LeetCode Premium,,LeetCode,
1060. Missing Element in Sorted Array,,,,Medium,Yes,,,LeetCode Premium,,LeetCode,
800. Similar RGB Color,,,,Easy,Yes,,,LeetCode Premium,,LeetCode,
772. Basic Calculator III,,,,Hard,Yes,,,LeetCode Premium,,LeetCode,
760. Find Anagram Mappings,,,,Easy,Yes,,,LeetCode Premium,,LeetCode,
755. Pour Water,,,,Medium,Yes,,,LeetCode Premium,,LeetCode,
759. Employee Free Time,,,,Hard,Yes,,,LeetCode Premium,,LeetCode,
737. Sentence Similarity II,,,,Medium,Yes,,,LeetCode Premium,,LeetCode,
758. Bold Words in String,,,,Medium,Yes,,,LeetCode Premium,,LeetCode,
751. IP to CIDR,,,,Medium,Yes,,,LeetCode Premium,,LeetCode,
742. Closest Leaf in a Binary Tree,,,,Medium,Yes,,,LeetCode Premium,,LeetCode,
734. Sentence Similarity,,,,Easy,Yes,,,LeetCode Premium,,LeetCode,
750. Number Of Corner Rectangles,,,,Medium,Yes,,,LeetCode Premium,,LeetCode,
716. Max Stack,,,,Hard,Yes,,,LeetCode Premium,,LeetCode,
666. Path Sum IV,,,,Medium,Yes,,,LeetCode Premium,,LeetCode,
708. Insert into a Sorted Circular Linked List,,,,Medium,Yes,,,LeetCode Premium,,LeetCode,
681. Next Closest Time,,,,Medium,Yes,,,LeetCode Premium,,LeetCode,
727. Minimum Window Subsequence,,,,Hard,Yes,,,LeetCode Premium,,LeetCode,
694. Number of Distinct Islands,,,,Medium,Yes,,,LeetCode Premium,,LeetCode,
723. Candy Crush,,,,Medium,Yes,,,LeetCode Premium,,LeetCode,
683. K Empty Slots,,,,Hard,Yes,,,LeetCode Premium,,LeetCode,
702. Search in a Sorted Array of Unknown Size,,,,Medium,Yes,,,LeetCode Premium,,LeetCode,
711. Number of Distinct Islands II,,,,Hard,Yes,,,LeetCode Premium,,LeetCode,
642. Design Search Autocomplete System,,,,Hard,Yes,,,LeetCode Premium,,LeetCode,
631. Design Excel Sum Formula,,,,Hard,Yes,,,LeetCode Premium,,LeetCode,
625. Minimum Factorization,,,,Medium,Yes,,,LeetCode Premium,,LeetCode,
651. 4 Keys Keyboard,,,,Medium,Yes,,,LeetCode Premium,,LeetCode,
635. Design Log Storage System,,,,Medium,Yes,,,LeetCode Premium,,LeetCode,
660. Remove 9,,,,Hard,Yes,,,LeetCode Premium,,LeetCode,
634. Find the Derangement of An Array,,,,Medium,Yes,,,LeetCode Premium,,LeetCode,
656. Coin Path,,,,Hard,Yes,,,LeetCode Premium,,LeetCode,
644. Maximum Average Subarray II,,,,Hard,Yes,,,LeetCode Premium,,LeetCode,
663. Equal Tree Partition,,,,Medium,Yes,,,LeetCode Premium,,LeetCode,
618. Students Report By Geography,,,,Hard,Yes,,,LeetCode Premium,,LeetCode,
614. Second Degree Follower,,,,Medium,Yes,,,LeetCode Premium,,LeetCode,
612. Shortest Distance in a Plane,,,,Medium,Yes,,,LeetCode Premium,,LeetCode,
613. Shortest Distance in a Line,,,,Easy,Yes,,,LeetCode Premium,,LeetCode,
616. Add Bold Tag in String,,,,Medium,Yes,,,LeetCode Premium,,LeetCode,
603. Consecutive Available Seats,,,,Easy,Yes,,,LeetCode Premium,,LeetCode,
604. Design Compressed String Iterator,,,,Easy,Yes,,,LeetCode Premium,,LeetCode,
597. Friend Requests I: Overall Acceptance Rate,,,,Easy,Yes,,,LeetCode Premium,,LeetCode,
615. Average Salary: Departments VS Company,,,,Hard,Yes,,,LeetCode Premium,,LeetCode,
588. Design In-Memory File System,,,,Hard,Yes,,,LeetCode Premium,,LeetCode,
579. Find Cumulative Salary of an Employee,,,,Hard,Yes,,,LeetCode Premium,,LeetCode,
580. Count Student Number in Departments,,,,Medium,Yes,,,LeetCode Premium,,LeetCode,
574. Winning Candidate,,,,Medium,Yes,,,LeetCode Premium,,LeetCode,
578. Get Highest Answer Rate Question,,,,Medium,Yes,,,LeetCode Premium,,LeetCode,
568. Maximum Vacation Days,,,,Hard,Yes,,,LeetCode Premium,,LeetCode,
573. Squirrel Simulation,,,,Medium,Yes,,,LeetCode Premium,,LeetCode,
571. Find Median Given Frequency of Numbers,,,,Hard,Yes,,,LeetCode Premium,,LeetCode,
562. Longest Line of Consecutive One in Matrix,,,,Medium,Yes,,,LeetCode Premium,,LeetCode,
582. Kill Process,,,,Medium,Yes,,,LeetCode Premium,,LeetCode,
569. Median Employee Salary,,,,Hard,Yes,,,LeetCode Premium,,LeetCode,
531. Lonely Pixel I,,,,Medium,Yes,,,LeetCode Premium,,LeetCode,
512. Game Play Analysis II,,,,Easy,Yes,,,LeetCode Premium,,LeetCode,
549. Binary Tree Longest Consecutive Sequence II,,,,Medium,Yes,,,LeetCode Premium,,LeetCode,
544. Output Contest Matches,,,,Medium,Yes,,,LeetCode Premium,,LeetCode,
533. Lonely Pixel II,,,,Medium,Yes,,,LeetCode Premium,,LeetCode,
555. Split Concatenated Strings,,,,Medium,Yes,,,LeetCode Premium,,LeetCode,
536. Construct Binary Tree from String,,,,Medium,Yes,,,LeetCode Premium,,LeetCode,
548. Split Array with Equal Sum,,,,Hard,Yes,,,LeetCode Premium,,LeetCode,
527. Word Abbreviation,,,,Hard,Yes,,,LeetCode Premium,,LeetCode,
534. Game Play Analysis III,,,,Medium,Yes,,,LeetCode Premium,,LeetCode,
428. Serialize and Deserialize N-ary Tree,,,,Hard,Yes,,,LeetCode Premium,,LeetCode,
465. Optimal Account Balancing,,,,Hard,Yes,,,LeetCode Premium,,LeetCode,
471. Encode String with Shortest Length,,,,Hard,Yes,,,LeetCode Premium,,LeetCode,
439. Ternary Expression Parser,,,,Medium,Yes,,,LeetCode Premium,,LeetCode,
426. Convert Binary Search Tree to Sorted Doubly Linked List,,,,Medium,Yes,,,LeetCode Premium,,LeetCode,
487. Max Consecutive Ones II,,,,Medium,Yes,,,LeetCode Premium,,LeetCode,
469. Convex Polygon,,,,Medium,Yes,,,LeetCode Premium,,LeetCode,
444. Sequence Reconstruction,,,,Medium,Yes,,,LeetCode Premium,,LeetCode,
484. Find Permutation,,,,Medium,Yes,,,LeetCode Premium,,LeetCode,
431. Encode N-ary Tree to Binary Tree,,,,Hard,Yes,,,LeetCode Premium,,LeetCode,
418. Sentence Screen Fitting,,,,Medium,Yes,,,LeetCode Premium,,LeetCode,
411. Minimum Unique Word Abbreviation,,,,Hard,Yes,,,LeetCode Premium,,LeetCode,
366. Find Leaves of Binary Tree,,,,Medium,Yes,,,LeetCode Premium,,LeetCode,
370. Range Addition,,,,Medium,Yes,,,LeetCode Premium,,LeetCode,
425. Word Squares,,,,Hard,Yes,,,LeetCode Premium,,LeetCode,
369. Plus One Linked List,,,,Medium,Yes,,,LeetCode Premium,,LeetCode,
422. Valid Word Square,,,,Easy,Yes,,,LeetCode Premium,,LeetCode,
408. Valid Word Abbreviation,,,,Easy,Yes,,,LeetCode Premium,,LeetCode,
379. Design Phone Directory,,,,Medium,Yes,,,LeetCode Premium,,LeetCode,
364. Nested List Weight Sum II,,,,Medium,Yes,,,LeetCode Premium,,LeetCode,
346. Moving Average from Data Stream,,,,Easy,Yes,,,LeetCode Premium,,LeetCode,
353. Design Snake Game,,,,Medium,Yes,,,LeetCode Premium,,LeetCode,
351. Android Unlock Patterns,,,,Medium,Yes,,,LeetCode Premium,,LeetCode,
359. Logger Rate Limiter,,,,Easy,Yes,,,LeetCode Premium,,LeetCode,
360. Sort Transformed Array,,,,Medium,Yes,,,LeetCode Premium,,LeetCode,
340. Longest Substring with At Most K Distinct Characters,,,,Medium,Yes,,,LeetCode Premium,,LeetCode,
358. Rearrange String k Distance Apart,,,,Hard,Yes,,,LeetCode Premium,,LeetCode,
356. Line Reflection,,,,Medium,Yes,,,LeetCode Premium,,LeetCode,
348. Design Tic-Tac-Toe,,,,Medium,Yes,,,LeetCode Premium,,LeetCode,
361. Bomb Enemy,,,,Medium,Yes,,,LeetCode Premium,,LeetCode,
311. Sparse Matrix Multiplication,,,,Medium,Yes,,,LeetCode Premium,,LeetCode,
339. Nested List Weight Sum,,,,Medium,Yes,,,LeetCode Premium,,LeetCode,
323. Number of Connected Components in an Undirected Graph,,,,Medium,Yes,,,LeetCode Premium,,LeetCode,
308. Range Sum Query 2D - Mutable,,,,Medium,Yes,,,LeetCode Premium,,LeetCode,
302. Smallest Rectangle Enclosing Black Pixels,,,,Hard,Yes,,,LeetCode Premium,,LeetCode,
317. Shortest Distance from All Buildings,,,,Hard,Yes,,,LeetCode Premium,,LeetCode,
320. Generalized Abbreviation,,,,Medium,Yes,,,LeetCode Premium,,LeetCode,
333. Largest BST Subtree,,,,Medium,Yes,,,LeetCode Premium,,LeetCode,
314. Binary Tree Vertical Order Traversal,,,,Medium,Yes,,,LeetCode Premium,,LeetCode,
325. Maximum Size Subarray Sum Equals k,,,,Medium,Yes,,,LeetCode Premium,,LeetCode,
281. Zigzag Iterator,,,,Medium,Yes,,,LeetCode Premium,,LeetCode,
286. Walls and Gates,,,,Medium,Yes,,,LeetCode Premium,,LeetCode,
294. Flip Game II,,,,Medium,Yes,,,LeetCode Premium,,LeetCode,
296. Best Meeting Point,,,,Hard,Yes,,,LeetCode Premium,,LeetCode,
285. Inorder Successor in BST,,,,Medium,Yes,,,LeetCode Premium,,LeetCode,
298. Binary Tree Longest Consecutive Sequence,,,,Medium,Yes,,,LeetCode Premium,,LeetCode,
293. Flip Game,,,,Easy,Yes,,,LeetCode Premium,,LeetCode,
280. Wiggle Sort,,,,Medium,Yes,,,LeetCode Premium,,LeetCode,
288. Unique Word Abbreviation,,,,Medium,Yes,,,LeetCode Premium,,LeetCode,
291. Word Pattern II,,,,Medium,Yes,,,LeetCode Premium,,LeetCode,
256. Paint House,,,,Medium,Yes,,,LeetCode Premium,,LeetCode,
265. Paint House II,,,,Hard,Yes,,,LeetCode Premium,,LeetCode,
259. 3Sum Smaller,,,,Medium,Yes,,,LeetCode Premium,,LeetCode,
267. Palindrome Permutation II,,,,Medium,Yes,,,LeetCode Premium,,LeetCode,
266. Palindrome Permutation,,,,Easy,Yes,,,LeetCode Premium,,LeetCode,
270. Closest Binary Search Tree Value,,,,Easy,Yes,,,LeetCode Premium,,LeetCode,
272. Closest Binary Search Tree Value II,,,,Hard,Yes,,,LeetCode Premium,,LeetCode,
276. Paint Fence,,,,Medium,Yes,,,LeetCode Premium,,LeetCode,
271. Encode and Decode Strings,,,,Medium,Yes,,,LeetCode Premium,,LeetCode,
261. Graph Valid Tree,,,,Medium,Yes,,,LeetCode Premium,,LeetCode,
252. Meeting Rooms,,,,Easy,Yes,,,LeetCode Premium,,LeetCode,
249. Group Shifted Strings,,,,Medium,Yes,,,LeetCode Premium,,LeetCode,
254. Factor Combinations,,,,Medium,Yes,,,LeetCode Premium,,LeetCode,
247. Strobogrammatic Number II,,,,Medium,Yes,,,LeetCode Premium,,LeetCode,
255. Verify Preorder Sequence in Binary Search Tree,,,,Medium,Yes,,,LeetCode Premium,,LeetCode,
248. Strobogrammatic Number III,,,,Hard,Yes,,,LeetCode Premium,,LeetCode,
245. Shortest Word Distance III,,,,Medium,Yes,,,LeetCode Premium,,LeetCode,
251. Flatten 2D Vector,,,,Medium,Yes,,,LeetCode Premium,,LeetCode,
246. Strobogrammatic Number,,,,Easy,Yes,,,LeetCode Premium,,LeetCode,
250. Count Univalue Subtrees,,,,Medium,Yes,,,LeetCode Premium,,LeetCode,
159. Longest Substring with At Most Two Distinct Characters,,,,Medium,Yes,,,LeetCode Premium,,LeetCode,
161. One Edit Distance,,,,Medium,Yes,,,LeetCode Premium,,LeetCode,
3234. Count the Number of Substrings With Dominant Ones,,,,Medium,Yes,,,LeetCode Premium,,LeetCode,
170. Two Sum III - Data structure design,,,,Easy,Yes,,,LeetCode Premium,,LeetCode,
156. Binary Tree Upside Down,,,,Medium,Yes,,,LeetCode Premium,,LeetCode,
243. Shortest Word Distance,,,,Easy,Yes,,,LeetCode Premium,,LeetCode,
244. Shortest Word Distance II,,,,Medium,Yes,,,LeetCode Premium,,LeetCode,
163. Missing Ranges,,,,Easy,Yes,,,LeetCode Premium,,LeetCode,
186. Reverse Words in a String II,,,,Medium,Yes,,,LeetCode Premium,,LeetCode,
158. Read N Characters Given read4 II - Call Multiple Times,,,,Hard,Yes,,,LeetCode Premium,,LeetCode,
2379. Minimum Recolors to Get K Consecutive Black Blocks,,,,Easy,No,,,LeetCode Free,,LeetCode,
2411. Smallest Subarrays With Maximum Bitwise OR,,,,Medium,No,,,LeetCode Free,,LeetCode,
2425. Bitwise XOR of All Pairings,,,,Medium,No,,,LeetCode Free,,LeetCode,
2433. Find The Original Array of Prefix Xor,,,,Medium,No,,,LeetCode Free,,LeetCode,
2325. Decode the Message,,,,Easy,No,,,LeetCode Free,,LeetCode,
2367. Number of Arithmetic Triplets,,,,Easy,No,,,LeetCode Free,,LeetCode,
2392. Build a Matrix With Conditions,,,,Hard,No,,,LeetCode Free,,LeetCode,
2434. Using a Robot to Print the Lexicographically Smallest String,,,,Medium,No,,,LeetCode Free,,LeetCode,
2426. Number of Pairs Satisfying Inequality,,,,Hard,No,,,LeetCode Free,,LeetCode,
2375. Construct Smallest Number From DI String,,,,Medium,No,,,LeetCode Free,,LeetCode,
2287. Rearrange Characters to Make Target String,,,,Easy,No,,,LeetCode Free,,LeetCode,
2273. Find Resultant Array After Removing Anagrams,,,,Easy,No,,,LeetCode Free,,LeetCode,
2296. Design a Text Editor,,,,Hard,No,,,LeetCode Free,,LeetCode,
2256. Minimum Average Difference,,,,Medium,No,,,LeetCode Free,,LeetCode,
2206. Divide Array Into Equal Pairs,,,,Easy,No,,,LeetCode Free,,LeetCode,
2322. Minimum Score After Removals on a Tree,,,,Hard,No,,,LeetCode Free,,LeetCode,
2259. Remove Digit From Number to Maximize Result,,,,Easy,No,,,LeetCode Free,,LeetCode,
2283. Check if Number Has Equal Digit Count and Digit Value,,,,Easy,No,,,LeetCode Free,,LeetCode,
2260. Minimum Consecutive Cards to Pick Up,,,,Medium,No,,,LeetCode Free,,LeetCode,
2250. Count Number of Rectangles Containing Each Point,,,,Medium,No,,,LeetCode Free,,LeetCode,
2125. Number of Laser Beams in a Bank,,,,Medium,No,,,LeetCode Free,,LeetCode,
2182. Construct String With Repeat Limit,,,,Medium,No,,,LeetCode Free,,LeetCode,
2165. Smallest Value of the Rearranged Number,,,,Medium,No,,,LeetCode Free,,LeetCode,
2119. A Number After a Double Reversal,,,,Easy,No,,,LeetCode Free,,LeetCode,
2140. Solving Questions With Brainpower,,,,Medium,No,,,LeetCode Free,,LeetCode,
2139. Minimum Moves to Reach Target Score,,,,Medium,No,,,LeetCode Free,,LeetCode,
2191. Sort the Jumbled Numbers,,,,Medium,No,,,LeetCode Free,,LeetCode,
2144. Minimum Cost of Buying Candies With Discount,,,,Easy,No,,,LeetCode Free,,LeetCode,
2163. Minimum Difference in Sums After Removal of Elements,,,,Hard,No,,,LeetCode Free,,LeetCode,
2160. Minimum Sum of Four Digit Number After Splitting Digits,,,,Easy,No,,,LeetCode Free,,LeetCode,
2048. Next Greater Numerically Balanced Number,,,,Medium,No,,,LeetCode Free,,LeetCode,
2047. Number of Valid Words in a Sentence,,,,Easy,No,,,LeetCode Free,,LeetCode,
2097. Valid Arrangement of Pairs,,,,Hard,No,,,LeetCode Free,,LeetCode,
1992. Find All Groups of Farmland,,,,Medium,No,,,LeetCode Free,,LeetCode,
2115. Find All Possible Recipes from Given Supplies,,,,Medium,No,,,LeetCode Free,,LeetCode,
2033. Minimum Operations to Make a Uni-Value Grid,,,,Medium,No,,,LeetCode Free,,LeetCode,
2071. Maximum Number of Tasks You Can Assign,,,,Hard,No,,,LeetCode Free,,LeetCode,
2007. Find Original Array From Doubled Array,,,,Medium,No,,,LeetCode Free,,LeetCode,
2089. Find Target Indices After Sorting Array,,,,Easy,No,,,LeetCode Free,,LeetCode,
2028. Find Missing Observations,,,,Medium,No,,,LeetCode Free,,LeetCode,
1876. Substrings of Size Three with Distinct Characters,,,,Easy,No,,,LeetCode Free,,LeetCode,
1850. Minimum Adjacent Swaps to Reach the Kth Smallest Number,,,,Medium,No,,,LeetCode Free,,LeetCode,
1978. Employees Whose Manager Left the Company,,,,Easy,No,,,LeetCode Free,,LeetCode,
1921. Eliminate Maximum Number of Monsters,,,,Medium,No,,,LeetCode Free,,LeetCode,
1931. Painting a Grid With Three Different Colors,,,,Hard,No,,,LeetCode Free,,LeetCode,
1957. Delete Characters to Make Fancy String,,,,Easy,No,,,LeetCode Free,,LeetCode,
1984. Minimum Difference Between Highest and Lowest of K Scores,,,,Easy,No,,,LeetCode Free,,LeetCode,
1900. The Earliest and Latest Rounds Where Players Compete,,,,Hard,No,,,LeetCode Free,,LeetCode,
1985. Find the Kth Largest Integer in the Array,,,,Medium,No,,,LeetCode Free,,LeetCode,
1991. Find the Middle Index in Array,,,,Easy,No,,,LeetCode Free,,LeetCode,
1732. Find the Highest Altitude,,,,Easy,No,,,LeetCode Free,,LeetCode,
1780. Check if Number is a Sum of Powers of Three,,,,Medium,No,,,LeetCode Free,,LeetCode,
1813. Sentence Similarity III,,,,Medium,No,,,LeetCode Free,,LeetCode,
1791. Find Center of Star Graph,,,,Easy,No,,,LeetCode Free,,LeetCode,
1823. Find the Winner of the Circular Game,,,,Medium,No,,,LeetCode Free,,LeetCode,
1834. Single-Threaded CPU,,,,Medium,No,,,LeetCode Free,,LeetCode,
1729. Find Followers Count,,,,Easy,No,,,LeetCode Free,,LeetCode,
1845. Seat Reservation Manager,,,,Medium,No,,,LeetCode Free,,LeetCode,
1814. Count Nice Pairs in an Array,,,,Medium,No,,,LeetCode Free,,LeetCode,
1717. Maximum Score From Removing Substrings,,,,Medium,No,,,LeetCode Free,,LeetCode,
1671. Minimum Number of Removals to Make Mountain Array,,,,Hard,No,,,LeetCode Free,,LeetCode,
1653. Minimum Deletions to Make String Balanced,,,,Medium,No,,,LeetCode Free,,LeetCode,
1657. Determine if Two Strings Are Close,,,,Medium,No,,,LeetCode Free,,LeetCode,
1656. Design an Ordered Stream,,,,Easy,No,,,LeetCode Free,,LeetCode,
1658. Minimum Operations to Reduce X to Zero,,,,Medium,No,,,LeetCode Free,,LeetCode,
1646. Get Maximum in Generated Array,,,,Easy,No,,,LeetCode Free,,LeetCode,
1685. Sum of Absolute Differences in a Sorted Array,,,,Medium,No,,,LeetCode Free,,LeetCode,
1691. Maximum Height by Stacking Cuboids,,,,Hard,No,,,LeetCode Free,,LeetCode,
1716. Calculate Money in Leetcode Bank,,,,Easy,No,,,LeetCode Free,,LeetCode,
1670. Design Front Middle Back Queue,,,,Medium,No,,,LeetCode Free,,LeetCode,
1559. Detect Cycles in 2D Grid,,,,Medium,No,,,LeetCode Free,,LeetCode,
1561. Maximum Number of Coins You Can Get,,,,Medium,No,,,LeetCode Free,,LeetCode,
1574. Shortest Subarray to be Removed to Make Array Sorted,,,,Medium,No,,,LeetCode Free,,LeetCode,
1579. Remove Max Number of Edges to Keep Graph Fully Traversable,,,,Hard,No,,,LeetCode Free,,LeetCode,
1584. Min Cost to Connect All Points,,,,Medium,No,,,LeetCode Free,,LeetCode,
1582. Special Positions in a Binary Matrix,,,,Easy,No,,,LeetCode Free,,LeetCode,
1547. Minimum Cost to Cut a Stick,,,,Hard,No,,,LeetCode Free,,LeetCode,
1526. Minimum Number of Increments on Subarrays to Form a Target Array,,,,Hard,No,,,LeetCode Free,,LeetCode,
1544. Make The String Great,,,,Easy,No,,,LeetCode Free,,LeetCode,
1552. Magnetic Force Between Two Balls,,,,Medium,No,,,LeetCode Free,,LeetCode,
1466. Reorder Routes to Make All Paths Lead to the City Zero,,,,Medium,No,,,LeetCode Free,,LeetCode,
1492. The kth Factor of n,,,,Medium,No,,,LeetCode Free,,LeetCode,
1504. Count Submatrices With All Ones,,,,Medium,No,,,LeetCode Free,,LeetCode,
1461. Check If a String Contains All Binary Codes of Size K,,,,Medium,No,,,LeetCode Free,,LeetCode,
1475. Final Prices With a Special Discount in a Shop,,,,Easy,No,,,LeetCode Free,,LeetCode,
1463. Cherry Pickup II,,,,Hard,No,,,LeetCode Free,,LeetCode,
1442. Count Triplets That Can Form Two Arrays of Equal XOR,,,,Medium,No,,,LeetCode Free,,LeetCode,
1523. Count Odd Numbers in an Interval Range,,,,Easy,No,,,LeetCode Free,,LeetCode,
1484. Group Sold Products By The Date,,,,Easy,No,,,LeetCode Free,,LeetCode,
1524. Number of Sub-arrays With Odd Sum,,,,Medium,No,,,LeetCode Free,,LeetCode,
1410. HTML Entity Parser,,,,Medium,No,,,LeetCode Free,,LeetCode,
1332. Remove Palindromic Subsequences,,,,Easy,No,,,LeetCode Free,,LeetCode,
1372. Longest ZigZag Path in a Binary Tree,,,,Medium,No,,,LeetCode Free,,LeetCode,
1380. Lucky Numbers in a Matrix,,,,Easy,No,,,LeetCode Free,,LeetCode,
1386. Cinema Seat Allocation,,,,Medium,No,,,LeetCode Free,,LeetCode,
1345. Jump Game IV,,,,Hard,No,,,LeetCode Free,,LeetCode,
1365. How Many Numbers Are Smaller Than the Current Number,,,,Easy,No,,,LeetCode Free,,LeetCode,
1360. Number of Days Between Two Dates,,,,Easy,No,,,LeetCode Free,,LeetCode,
1383. Maximum Performance of a Team,,,,Hard,No,,,LeetCode Free,,LeetCode,
1432. Max Difference You Can Get From Changing an Integer,,,,Medium,No,,,LeetCode Free,,LeetCode,
1219. Path with Maximum Gold,,,,Medium,No,,,LeetCode Free,,LeetCode,
1323. Maximum 69 Number,,,,Easy,No,,,LeetCode Free,,LeetCode,
1282. Group the People Given the Group Size They Belong To,,,,Medium,No,,,LeetCode Free,,LeetCode,
1299. Replace Elements with Greatest Element on Right Side,,,,Easy,No,,,LeetCode Free,,LeetCode,
1314. Matrix Block Sum,,,,Medium,No,,,LeetCode Free,,LeetCode,
1255. Maximum Score Words Formed by Letters,,,,Hard,No,,,LeetCode Free,,LeetCode,
1221. Split a String in Balanced Strings,,,,Easy,No,,,LeetCode Free,,LeetCode,
1218. Longest Arithmetic Subsequence of Given Difference,,,,Medium,No,,,LeetCode Free,,LeetCode,
1309. Decrypt String from Alphabet to Integer Mapping,,,,Easy,No,,,LeetCode Free,,LeetCode,
1326. Minimum Number of Taps to Open to Water a Garden,,,,Hard,No,,,LeetCode Free,,LeetCode,
1032. Stream of Characters,,,,Hard,No,,,LeetCode Free,,LeetCode,
1054. Distant Barcodes,,,,Medium,No,,,LeetCode Free,,LeetCode,
1053. Previous Permutation With One Swap,,,,Medium,No,,,LeetCode Free,,LeetCode,
1186. Maximum Subarray Sum with One Deletion,,,,Medium,No,,,LeetCode Free,,LeetCode,
1208. Get Equal Substrings Within Budget,,,,Medium,No,,,LeetCode Free,,LeetCode,
1055. Shortest Way to Form String,,,,Medium,No,,,LeetCode Free,,LeetCode,
1203. Sort Items by Groups Respecting Dependencies,,,,Hard,No,,,LeetCode Free,,LeetCode,
1154. Day of the Year,,,,Easy,No,,,LeetCode Free,,LeetCode,
1195. Fizz Buzz Multithreaded,,,,Medium,No,,,LeetCode Free,,LeetCode,
1179. Reformat Department Table,,,,Easy,No,,,LeetCode Free,,LeetCode,
1007. Minimum Domino Rotations For Equal Row,,,,Medium,No,,,LeetCode Free,,LeetCode,
976. Largest Perimeter Triangle,,,,Easy,No,,,LeetCode Free,,LeetCode,
939. Minimum Area Rectangle,,,,Medium,No,,,LeetCode Free,,LeetCode,
943. Find the Shortest Superstring,,,,Hard,No,,,LeetCode Free,,LeetCode,
945. Minimum Increment to Make Array Unique,,,,Medium,No,,,LeetCode Free,,LeetCode,
990. Satisfiability of Equality Equations,,,,Medium,No,,,LeetCode Free,,LeetCode,
1025. Divisor Game,,,,Easy,No,,,LeetCode Free,,LeetCode,
962. Maximum Width Ramp,,,,Medium,No,,,LeetCode Free,,LeetCode,
1009. Complement of Base 10 Integer,,,,Easy,No,,,LeetCode Free,,LeetCode,
1027. Longest Arithmetic Subsequence,,,,Medium,No,,,LeetCode Free,,LeetCode,
932. Beautiful Array,,,,Medium,No,,,LeetCode Free,,LeetCode,
937. Reorder Data in Log Files,,,,Medium,No,,,LeetCode Free,,LeetCode,
935. Knight Dialer,,,,Medium,No,,,LeetCode Free,,LeetCode,
914. X of a Kind in a Deck of Cards,,,,Easy,No,,,LeetCode Free,,LeetCode,
925. Long Pressed Name,,,,Easy,No,,,LeetCode Free,,LeetCode,
900. RLE Iterator,,,,Medium,No,,,LeetCode Free,,LeetCode,
910. Smallest Range II,,,,Medium,No,,,LeetCode Free,,LeetCode,
923. 3Sum With Multiplicity,,,,Medium,No,,,LeetCode Free,,LeetCode,
929. Unique Email Addresses,,,,Easy,No,,,LeetCode Free,,LeetCode,
926. Flip String to Monotone Increasing,,,,Medium,No,,,LeetCode Free,,LeetCode,
897. Increasing Order Search Tree,,,,Easy,No,,,LeetCode Free,,LeetCode,
873. Length of Longest Fibonacci Subsequence,,,,Medium,No,,,LeetCode Free,,LeetCode,
874. Walking Robot Simulation,,,,Medium,No,,,LeetCode Free,,LeetCode,
869. Reordered Power of 2,,,,Medium,No,,,LeetCode Free,,LeetCode,
871. Minimum Number of Refueling Stops,,,,Hard,No,,,LeetCode Free,,LeetCode,
864. Shortest Path to Get All Keys,,,,Hard,No,,,LeetCode Free,,LeetCode,
895. Maximum Frequency Stack,,,,Hard,No,,,LeetCode Free,,LeetCode,
889. Construct Binary Tree from Preorder and Postorder Traversal,,,,Medium,No,,,LeetCode Free,,LeetCode,
898. Bitwise ORs of Subarrays,,,,Medium,No,,,LeetCode Free,,LeetCode,
877. Stone Game,,,,Medium,No,,,LeetCode Free,,LeetCode,
841. Keys and Rooms,,,,Medium,No,,,LeetCode Free,,LeetCode,
818. Race Car,,,,Hard,No,,,LeetCode Free,,LeetCode,
851. Loud and Rich,,,,Medium,No,,,LeetCode Free,,LeetCode,
848. Shifting Letters,,,,Medium,No,,,LeetCode Free,,LeetCode,
769. Max Chunks To Make Sorted,,,,Medium,No,,,LeetCode Free,,LeetCode,
741. Cherry Pickup,,,,Hard,No,,,LeetCode Free,,LeetCode,
839. Similar String Groups,,,,Hard,No,,,LeetCode Free,,LeetCode,
754. Reach a Number,,,,Medium,No,,,LeetCode Free,,LeetCode,
788. Rotated Digits,,,,Medium,No,,,LeetCode Free,,LeetCode,
783. Minimum Distance Between BST Nodes,,,,Easy,No,,,LeetCode Free,,LeetCode,
661. Image Smoother,,,,Easy,No,,,LeetCode Free,,LeetCode,
709. To Lower Case,,,,Easy,No,,,LeetCode Free,,LeetCode,
707. Design Linked List,,,,Medium,No,,,LeetCode Free,,LeetCode,
664. Strange Printer,,,,Hard,No,,,LeetCode Free,,LeetCode,
665. Non-decreasing Array,,,,Medium,No,,,LeetCode Free,,LeetCode,
652. Find Duplicate Subtrees,,,,Medium,No,,,LeetCode Free,,LeetCode,
629. K Inverse Pairs Array,,,,Hard,No,,,LeetCode Free,,LeetCode,
655. Print Binary Tree,,,,Medium,No,,,LeetCode Free,,LeetCode,
641. Design Circular Deque,,,,Medium,No,,,LeetCode Free,,LeetCode,
668. Kth Smallest Number in Multiplication Table,,,,Hard,No,,,LeetCode Free,,LeetCode,
546. Remove Boxes,,,,Hard,No,,,LeetCode Free,,LeetCode,
537. Complex Number Multiplication,,,,Medium,No,,,LeetCode Free,,LeetCode,
607. Sales Person,,,,Easy,No,,,LeetCode Free,,LeetCode,
627. Swap Sex of Employees,,,,Easy,No,,,LeetCode Free,,LeetCode,
527. Word Abbreviation,,,,Hard,No,,,LeetCode Free,,LeetCode,
588. Design In-Memory File System,,,,Hard,No,,,LeetCode Free,,LeetCode,
575. Distribute Candies,,,,Easy,No,,,LeetCode Free,,LeetCode,
532. K-diff Pairs in an Array,,,,Medium,No,,,LeetCode Free,,LeetCode,
504. Base 7,,,,Easy,No,,,LeetCode Free,,LeetCode,
592. Fraction Addition and Subtraction,,,,Medium,No,,,LeetCode Free,,LeetCode,
464. Can I Win,,,,Medium,No,,,LeetCode Free,,LeetCode,
395. Longest Substring with At Least K Repeating Characters,,,,Medium,No,,,LeetCode Free,,LeetCode,
454. 4Sum II,,,,Medium,No,,,LeetCode Free,,LeetCode,
452. Minimum Number of Arrows to Burst Balloons,,,,Medium,No,,,LeetCode Free,,LeetCode,
446. Arithmetic Slices II - Subsequence,,,,Hard,No,,,LeetCode Free,,LeetCode,
420. Strong Password Checker,,,,Hard,No,,,LeetCode Free,,LeetCode,
475. Heaters,,,,Medium,No,,,LeetCode Free,,LeetCode,
487. Max Consecutive Ones II,,,,Medium,No,,,LeetCode Free,,LeetCode,
401. Binary Watch,,,,Easy,No,,,LeetCode Free,,LeetCode,
433. Minimum Genetic Mutation,,,,Medium,No,,,LeetCode Free,,LeetCode,
306. Additive Number,,,,Medium,No,,,LeetCode Free,,LeetCode,
362. Design Hit Counter,,,,Medium,No,,,LeetCode Free,,LeetCode,
391. Perfect Rectangle,,,,Hard,No,,,LeetCode Free,,LeetCode,
382. Linked List Random Node,,,,Medium,No,,,LeetCode Free,,LeetCode,
336. Palindrome Pairs,,,,Hard,No,,,LeetCode Free,,LeetCode,
298. Binary Tree Longest Consecutive Sequence,,,,Medium,No,,,LeetCode Free,,LeetCode,
372. Super Pow,,,,Medium,No,,,LeetCode Free,,LeetCode,
309. Best Time to Buy and Sell Stock with Cooldown,,,,Medium,No,,,LeetCode Free,,LeetCode,
327. Count of Range Sum,,,,Hard,No,,,LeetCode Free,,LeetCode,
353. Design Snake Game,,,,Medium,No,,,LeetCode Free,,LeetCode,
262. Trips and Users,,,,Hard,No,,,LeetCode Free,,LeetCode,
284. Peeking Iterator,,,,Medium,No,,,LeetCode Free,,LeetCode,
279. Perfect Squares,,,,Medium,No,,,LeetCode Free,,LeetCode,
164. Maximum Gap,,,,Medium,No,,,LeetCode Free,,LeetCode,
276. Paint Fence,,,,Medium,No,,,LeetCode Free,,LeetCode,
201. Bitwise AND of Numbers Range,,,,Medium,No,,,LeetCode Free,,LeetCode,
288. Unique Word Abbreviation,,,,Medium,No,,,LeetCode Free,,LeetCode,
194. Transpose File,,,,Medium,No,,,LeetCode Free,,LeetCode,
87. Scramble String,,,,Hard,No,,,LeetCode Free,,LeetCode,
106. Construct Binary Tree from Inorder and Postorder Traversal,,,,Medium,No,,,LeetCode Free,,LeetCode,
314. Binary Tree Vertical Order Traversal,,,,Medium,Yes,,,LeetCode Premium,,LeetCode,
408. Valid Word Abbreviation,,,,Easy,Yes,,,LeetCode Premium,,LeetCode,
708. Insert into a Sorted Circular Linked List,,,,Medium,Yes,,,LeetCode Premium,,LeetCode,
346. Moving Average from Data Stream,,,,Easy,Yes,,,LeetCode Premium,,LeetCode,
1570. Dot Product of Two Sparse Vectors,,,,Medium,Yes,,,LeetCode Premium,,LeetCode,
1650. Lowest Common Ancestor of a Binary Tree III,,,,Medium,Yes,,,LeetCode Premium,,LeetCode,
1762. Buildings With an Ocean View,,,,Medium,Yes,,,LeetCode Premium,,LeetCode,
270. Closest Binary Search Tree Value,,,,Easy,Yes,,,LeetCode Premium,,LeetCode,
339. Nested List Weight Sum,,,,Medium,Yes,,,LeetCode Premium,,LeetCode,
426. Convert Binary Search Tree to Sorted Doubly Linked List,,,,Medium,Yes,,,LeetCode Premium,,LeetCode,
269. Alien Dictionary,,,,Hard,Yes,,,LeetCode Premium,,LeetCode,
253. Meeting Rooms II,,,,Medium,Yes,,,LeetCode Premium,,LeetCode,
163. Missing Ranges,,,,Easy,Yes,,,LeetCode Premium,,LeetCode,
348. Design Tic-Tac-Toe,,,,Medium,Yes,,,LeetCode Premium,,LeetCode,
489. Robot Room Cleaner,,,,Hard,Yes,,,LeetCode Premium,,LeetCode,
536. Construct Binary Tree from String,,,,Medium,Yes,,,LeetCode Premium,,LeetCode,
1868. Product of Two Run-Length Encoded Arrays,,,,Medium,Yes,,,LeetCode Premium,,LeetCode,
1060. Missing Element in Sorted Array,,,,Medium,Yes,,,LeetCode Premium,,LeetCode,
249. Group Shifted Strings,,,,Medium,Yes,,,LeetCode Premium,,LeetCode,
1216. Valid Palindrome III,,,,Hard,Yes,,,LeetCode Premium,,LeetCode,
490. The Maze,,,,Medium,Yes,,,LeetCode Premium,,LeetCode,
317. Shortest Distance from All Buildings,,,,Hard,Yes,,,LeetCode Premium,,LeetCode,
311. Sparse Matrix Multiplication,,,,Medium,Yes,,,LeetCode Premium,,LeetCode,
545. Boundary of Binary Tree,,,,Medium,Yes,,,LeetCode Premium,,LeetCode,
1644. Lowest Common Ancestor of a Binary Tree II,,,,Medium,Yes,,,LeetCode Premium,,LeetCode,
246. Strobogrammatic Number,,,,Easy,Yes,,,LeetCode Premium,,LeetCode,
1891. Cutting Ribbons,,,,Medium,Yes,,,LeetCode Premium,,LeetCode,
286. Walls and Gates,,,,Medium,Yes,,,LeetCode Premium,,LeetCode,
1778. Shortest Path in a Hidden Grid,,,,Medium,Yes,,,LeetCode Premium,,LeetCode,
247. Strobogrammatic Number II,,,,Medium,Yes,,,LeetCode Premium,,LeetCode,
277. Find the Celebrity,,,,Medium,Yes,,,LeetCode Premium,,LeetCode,
1213. Intersection of Three Sorted Arrays,,,,Easy,Yes,,,LeetCode Premium,,LeetCode,
333. Largest BST Subtree,,,,Medium,Yes,,,LeetCode Premium,,LeetCode,
325. Maximum Size Subarray Sum Equals k,,,,Medium,Yes,,,LeetCode Premium,,LeetCode,
1810. Minimum Path Cost in a Hidden Grid,,,,Medium,Yes,,,LeetCode Premium,,LeetCode,
1522. Diameter of N-Ary Tree,,,,Medium,Yes,,,LeetCode Premium,,LeetCode,
261. Graph Valid Tree,,,,Medium,Yes,,,LeetCode Premium,,LeetCode,
161. One Edit Distance,,,,Medium,Yes,,,LeetCode Premium,,LeetCode,
597. Friend Requests I: Overall Acceptance Rate,,,,Easy,Yes,,,LeetCode Premium,,LeetCode,
252. Meeting Rooms,,,,Easy,Yes,,,LeetCode Premium,,LeetCode,
1428. Leftmost Column with at Least a One,,,,Medium,Yes,,,LeetCode Premium,,LeetCode,
1892. Page Recommendations II,,,,Hard,Yes,,,LeetCode Premium,,LeetCode,
1826. Faulty Sensor,,,,Easy,Yes,,,LeetCode Premium,,LeetCode,
642. Design Search Autocomplete System,,,,Hard,Yes,,,LeetCode Premium,,LeetCode,
1322. Ads Performance,,,,Easy,Yes,,,LeetCode Premium,,LeetCode,
1445. Apples & Oranges,,,,Medium,Yes,,,LeetCode Premium,,LeetCode,
1242. Web Crawler Multithreaded,,,,Medium,Yes,,,LeetCode Premium,,LeetCode,
266. Palindrome Permutation,,,,Easy,Yes,,,LeetCode Premium,,LeetCode,
1586. Binary Search Tree Iterator II,,,,Medium,Yes,,,LeetCode Premium,,LeetCode,
1264. Page Recommendations,,,,Medium,Yes,,,LeetCode Premium,,LeetCode,
2199. Finding the Topic of Each Post,,,,Hard,Yes,,,LeetCode Premium,,LeetCode,
157. Read N Characters Given Read4,,,,Easy,Yes,,,LeetCode Premium,,LeetCode,
1973. Count Nodes Equal to Sum of Descendants,,,,Medium,Yes,,,LeetCode Premium,,LeetCode,
1132. Reported Posts II,,,,Medium,Yes,,,LeetCode Premium,,LeetCode,
1197. Minimum Knight Moves,,,,Medium,Yes,,,LeetCode Premium,,LeetCode,
271. Encode and Decode Strings,,,,Medium,Yes,,,LeetCode Premium,,LeetCode,
285. Inorder Successor in BST,,,,Medium,Yes,,,LeetCode Premium,,LeetCode,
265. Paint House II,,,,Hard,Yes,,,LeetCode Premium,,LeetCode,
578. Get Highest Answer Rate Question,,,,Medium,Yes,,,LeetCode Premium,,LeetCode,
159. Longest Substring with At Most Two Distinct Characters,,,,Medium,Yes,,,LeetCode Premium,,LeetCode,
1076. Project Employees II,,,,Easy,Yes,,,LeetCode Premium,,LeetCode,
1113. Reported Posts,,,,Easy,Yes,,,LeetCode Premium,,LeetCode,
1398. Customers Who Bought Products A and B but Not C,,,,Medium,Yes,,,LeetCode Premium,,LeetCode,
1142. User Activity for the Past 30 Days II,,,,Easy,Yes,,,LeetCode Premium,,LeetCode,
1949. Strong Friendship,,,,Medium,Yes,,,LeetCode Premium,,LeetCode,
1236. Web Crawler,,,,Medium,Yes,,,LeetCode Premium,,LeetCode,
1077. Project Employees III,,,,Medium,Yes,,,LeetCode Premium,,LeetCode,
1225. Report Contiguous Dates,,,,Hard,Yes,,,LeetCode Premium,,LeetCode,
750. Number Of Corner Rectangles,,,,Medium,Yes,,,LeetCode Premium,,LeetCode,
1241. Number of Comments per Post,,,,Easy,Yes,,,LeetCode Premium,,LeetCode,
716. Max Stack,,,,Hard,Yes,,,LeetCode Premium,,LeetCode,
1229. Meeting Scheduler,,,,Medium,Yes,,,LeetCode Premium,,LeetCode,
510. Inorder Successor in BST II,,,,Medium,Yes,,,LeetCode Premium,,LeetCode,
727. Minimum Window Subsequence,,,,Hard,Yes,,,LeetCode Premium,,LeetCode,
296. Best Meeting Point,,,,Hard,Yes,,,LeetCode Premium,,LeetCode,
616. Add Bold Tag in String,,,,Medium,Yes,,,LeetCode Premium,,LeetCode,
1245. Tree Diameter,,,,Medium,Yes,,,LeetCode Premium,,LeetCode,
723. Candy Crush,,,,Medium,Yes,,,LeetCode Premium,,LeetCode,
323. Number of Connected Components in an Undirected Graph,,,,Medium,Yes,,,LeetCode Premium,,LeetCode,
158. Read N Characters Given read4 II - Call Multiple Times,,,,Hard,Yes,,,LeetCode Premium,,LeetCode,
428. Serialize and Deserialize N-ary Tree,,,,Hard,Yes,,,LeetCode Premium,,LeetCode,
305. Number of Islands II,,,,Hard,Yes,,,LeetCode Premium,,LeetCode,
568. Maximum Vacation Days,,,,Hard,Yes,,,LeetCode Premium,,LeetCode,
772. Basic Calculator III,,,,Hard,Yes,,,LeetCode Premium,,LeetCode,
694. Number of Distinct Islands,,,,Medium,Yes,,,LeetCode Premium,,LeetCode,
1429. First Unique Number,,,,Medium,Yes,,,LeetCode Premium,,LeetCode,
1506. Find Root of N-Ary Tree,,,,Medium,Yes,,,LeetCode Premium,,LeetCode,
364. Nested List Weight Sum II,,,,Medium,Yes,,,LeetCode Premium,,LeetCode,
1166. Design File System,,,,Medium,Yes,,,LeetCode Premium,,LeetCode,
267. Palindrome Permutation II,,,,Medium,Yes,,,LeetCode Premium,,LeetCode,
505. The Maze II,,,,Medium,Yes,,,LeetCode Premium,,LeetCode,
1676. Lowest Common Ancestor of a Binary Tree IV,,,,Medium,Yes,,,LeetCode Premium,,LeetCode,
1607. Sellers With No Sales,,,,Easy,Yes,,,LeetCode Premium,,LeetCode,
3009. Maximum Number of Intersections on the Chart,,,,Hard,Yes,,,LeetCode Premium,,LeetCode,
2655. Find Maximal Uncovered Ranges,,,,Medium,Yes,,,LeetCode Premium,,LeetCode,
1485. Clone Binary Tree With Random Pointer,,,,Medium,Yes,,,LeetCode Premium,,LeetCode,
1730. Shortest Path to Get Food,,,,Medium,Yes,,,LeetCode Premium,,LeetCode,
340. Longest Substring with At Most K Distinct Characters,,,,Medium,Yes,,,LeetCode Premium,,LeetCode,
1062. Longest Repeating Substring,,,,Medium,Yes,,,LeetCode Premium,,LeetCode,
359. Logger Rate Limiter,,,,Easy,Yes,,,LeetCode Premium,,LeetCode,
288. Unique Word Abbreviation,,,,Medium,Yes,,,LeetCode Premium,,LeetCode,
527. Word Abbreviation,,,,Hard,Yes,,,LeetCode Premium,,LeetCode,
588. Design In-Memory File System,,,,Hard,Yes,,,LeetCode Premium,,LeetCode,
487. Max Consecutive Ones II,,,,Medium,Yes,,,LeetCode Premium,,LeetCode,
711. Number of Distinct Islands II,,,,Hard,Yes,,,LeetCode Premium,,LeetCode,
362. Design Hit Counter,,,,Medium,Yes,,,LeetCode Premium,,LeetCode,
298. Binary Tree Longest Consecutive Sequence,,,,Medium,Yes,,,LeetCode Premium,,LeetCode,
353. Design Snake Game,,,,Medium,Yes,,,LeetCode Premium,,LeetCode,
1055. Shortest Way to Form String,,,,Medium,Yes,,,LeetCode Premium,,LeetCode,
276. Paint Fence,,,,Medium,Yes,,,LeetCode Premium,,LeetCode,
,,,,,No,,,,,,
,,,,,No,,,,,,
,,,,,No,,,,,,
,,,,,No,,,,,,
,,,,,No,,,,,,
,,,,,No,,,,,,
,,,,,No,,,,,,
,,,,,No,,,,,,
,,,,,No,,,,,,
,,,,,No,,,,,,
,,,,,No,,,,,,
,,,,,No,,,,,,
,,,,,No,,,,,,